image_name,0,1,2,3,4
flip_scaled_images/img425.png,67.43079461039848,26.029995529469005,129.42362191350676,81.09344761103806,Human Graffiti
flip_scaled_images/img425.png,152.2630846041256,40.04614696841386,201,77.08883291419667,Human Graffiti
flip_scaled_images/img426.png,84.75922715199809,14.682420360077225,119.55512040387099,45.59277901287138,Human Graffiti
flip_scaled_images/img426.png,52.63994107334618,0.772758966319854,84.75922715199809,44.820020046551534,Human Graffiti
flip_scaled_images/img426.png,1.7844047821473281,0.0,52.63994107334618,45.59277901287138,Human Graffiti
flip_scaled_images/img427.png,6.9887263339588594,1.5949163011260532,158.1199333058192,82.93564765855477,Human Graffiti
flip_scaled_images/img428.png,53.56675211264644,14.563652778725608,201,109.22739584044206,bg
flip_scaled_images/img429.png,27.921903616074317,28.489787198067898,151,170.93872318840738,bg
flip_scaled_images/img430.png,25.737990090648864,33.07517623128905,201,60.50337115479705,bg
