image_name,0,1,2,3,4
rotated_images/img413.png,80.63143923621138,31.14068861755147,140.03730452751282,83.38625880217248,Human Graffiti
rotated_images/img413.png,6.8946078375169675,33.22125025700156,39.20784219604478,67.38802945238658,Human Graffiti
rotated_images/img414.png,65.94259168477822,19.984300118264812,106.05135785535077,57.12219174967072,Human Graffiti
rotated_images/img414.png,103.84230384961778,2.636665504772941,141.63045285520772,54.883822616059874,Human Graffiti
rotated_images/img414.png,139.4213988494747,0,198.06241171155838,54.53851947585278,Human Graffiti
rotated_images/img415.png,18.26549557605124,2.6307091237476223,192.0331507290582,104.34030203300999,Human Graffiti
rotated_images/img416.png,19.546933914980766,13.336263390277809,158.2499543853113,103.87324641571703,bg
rotated_images/img417.png,21.17732338302614,22.89126928846617,128.8886954648133,140.46899145213635,bg
rotated_images/img418.png,23.79979997430197,40.331848405802496,178.3262315002173,76.95535004209353,bg
