image_name,0,1,2,3,4
scaled_images/img407.png,81.6756358547707,28.370194581965514,139.15108330812785,88.38406773612333,Human Graffiti
scaled_images/img407.png,30.250235501766927,43.64645320302387,0.0,84.01942241582094,Human Graffiti
scaled_images/img408.png,56.87658912436277,17.888057190187407,90.48548269784987,55.547124959003,Human Graffiti
scaled_images/img408.png,90.48548269784987,0.9414766942203898,121.50907676568411,54.60564826478261,Human Graffiti
scaled_images/img408.png,121.50907676568411,0.0,170.62976737308833,55.547124959003,Human Graffiti
scaled_images/img409.png,18.059949680482063,1.8135806238287828,182.50054413960822,94.3061924390967,Human Graffiti
scaled_images/img410.png,16.988335651990422,14.780934449157286,140.377299861184,110.85700836867964,bg
scaled_images/img411.png,19.6272258001488,20.327419833083518,139.5713834677248,121.9645189985011,bg
scaled_images/img412.png,25.983133468203697,38.97340036359321,201,71.29280554315831,bg
