image_name,0,1,2,3,4
sheared_images/img419.png,80.23742273781255,26.0,145.25740323224684,81.0,Human Graffiti
sheared_images/img419.png,5.533615361228452,40.0,85.07933617888744,77.0,Human Graffiti
sheared_images/img420.png,58.95209755840066,19.0,109.10537458569674,59.0,Human Graffiti
sheared_images/img420.png,93.2674976297085,1.0,147.82018492255688,58.0,Human Graffiti
sheared_images/img420.png,124.94325154168497,0.0,197.97346194985295,59.0,Human Graffiti
sheared_images/img421.png,18.149486195435337,2.0,193.11053311943198,104.0,Human Graffiti
sheared_images/img422.png,19.220156238181566,14.0,158.7752037067173,105.0,bg
sheared_images/img423.png,17.412640531051736,23.0,118.15720360356535,138.0,bg
sheared_images/img424.png,34.39642141688315,41.0,170.38227353014213,75.0,bg
